"nutrients","totals","level"
"folate_dfe","0.7439678395442596","1.859919598860649"
"biotin","0.03","1.0"
"calories","3083.0","1.0"
"niacin_ne","25.930812674853986","1.620675792178374"
